-- Adminer 4.6.3 MySQL dump

SET NAMES utf8;
SET time_zone = '+00:00';
SET foreign_key_checks = 0;
SET sql_mode = 'NO_AUTO_VALUE_ON_ZERO';

SET NAMES utf8mb4;

DROP TABLE IF EXISTS `aspek_kuisioner`;
CREATE TABLE `aspek_kuisioner` (
  `id` int(11) NOT NULL AUTO_INCREMENT,
  `nama_aspek` char(50) COLLATE utf8mb4_general_ci NOT NULL,
  `created_at` datetime NOT NULL,
  `updated_at` datetime NOT NULL,
  `created_by` int(11) NOT NULL,
  `updated_by` int(11) NOT NULL,
  PRIMARY KEY (`id`)
) ENGINE=InnoDB DEFAULT CHARSET=utf8mb4 COLLATE=utf8mb4_general_ci;

TRUNCATE `aspek_kuisioner`;
INSERT INTO `aspek_kuisioner` (`id`, `nama_aspek`, `created_at`, `updated_at`, `created_by`, `updated_by`) VALUES
(1,	'LEARNABILITY',	'2018-07-19 19:39:51',	'2018-07-19 19:42:44',	7,	7),
(2,	'EFFICIENCY',	'2018-07-19 21:48:21',	'2018-07-19 21:48:21',	7,	7),
(3,	'MEMORABILITY',	'2018-07-19 21:48:27',	'2018-07-19 21:48:27',	7,	7),
(4,	'ERROR',	'2018-07-19 21:48:34',	'2018-07-19 21:48:34',	7,	7),
(5,	'SATISFACTION',	'2018-07-19 21:48:40',	'2018-07-19 21:48:40',	7,	7);

DROP TABLE IF EXISTS `ci_sessions`;
CREATE TABLE `ci_sessions` (
  `id` varchar(40) CHARACTER SET utf8mb4 COLLATE utf8mb4_general_ci NOT NULL,
  `ip_address` varchar(45) CHARACTER SET utf8mb4 COLLATE utf8mb4_general_ci NOT NULL,
  `timestamp` int(10) unsigned NOT NULL DEFAULT '0',
  `data` blob NOT NULL,
  PRIMARY KEY (`id`),
  KEY `ci_sessions_timestamp` (`timestamp`)
) ENGINE=InnoDB DEFAULT CHARSET=utf8mb4 COLLATE=utf8mb4_general_ci ROW_FORMAT=COMPACT;

TRUNCATE `ci_sessions`;
INSERT INTO `ci_sessions` (`id`, `ip_address`, `timestamp`, `data`) VALUES
('0764327btedcogudr4rbp7sivlmgam0g',	'127.0.0.1',	1532396005,	'__ci_last_regenerate|i:1532396005;username|s:7:\"postman\";first_name|s:4:\"post\";last_name|s:3:\"man\";surename|s:8:\"post man\";email|s:19:\"postman@postman.com\";userid|s:1:\"7\";platform|s:5:\"Linux\";browser|s:18:\"Chrome 69.0.3493.3\";login|b:1;log_tanggal|s:10:\"1532395550\";'),
('2d1e3it9q2akrfota254ifaj4pp39pb6',	'127.0.0.1',	1532406770,	'__ci_last_regenerate|i:1532406770;username|s:7:\"postman\";first_name|s:4:\"post\";last_name|s:3:\"man\";surename|s:8:\"post man\";email|s:19:\"postman@postman.com\";userid|s:1:\"7\";platform|s:5:\"Linux\";browser|s:18:\"Chrome 69.0.3493.3\";login|b:1;log_tanggal|s:10:\"1532403884\";'),
('3a6cse9518jtueepmk0p356kmdug8ocq',	'127.0.0.1',	1532404844,	'__ci_last_regenerate|i:1532404844;username|s:7:\"postman\";first_name|s:4:\"post\";last_name|s:3:\"man\";surename|s:8:\"post man\";email|s:19:\"postman@postman.com\";userid|s:1:\"7\";platform|s:5:\"Linux\";browser|s:18:\"Chrome 69.0.3493.3\";login|b:1;log_tanggal|s:10:\"1532403884\";'),
('4epglo8rrtahlvc1668vg97qhedcr34o',	'127.0.0.1',	1532417882,	'__ci_last_regenerate|i:1532417882;username|s:7:\"postman\";first_name|s:4:\"post\";last_name|s:3:\"man\";surename|s:8:\"post man\";email|s:19:\"postman@postman.com\";userid|s:1:\"7\";platform|s:5:\"Linux\";browser|s:18:\"Chrome 69.0.3493.3\";login|b:1;log_tanggal|s:10:\"1532403884\";'),
('5f5vubn4qpp4i0jucpd3jmkp0nprn6u4',	'127.0.0.1',	1532404144,	'__ci_last_regenerate|i:1532404144;username|s:7:\"postman\";first_name|s:4:\"post\";last_name|s:3:\"man\";surename|s:8:\"post man\";email|s:19:\"postman@postman.com\";userid|s:1:\"7\";platform|s:5:\"Linux\";browser|s:18:\"Chrome 69.0.3493.3\";login|b:1;log_tanggal|s:10:\"1532403884\";'),
('5mercg5r9g3ncsmf5jk79e2ic3c7qc95',	'127.0.0.1',	1532411452,	'__ci_last_regenerate|i:1532411452;username|s:7:\"postman\";first_name|s:4:\"post\";last_name|s:3:\"man\";surename|s:8:\"post man\";email|s:19:\"postman@postman.com\";userid|s:1:\"7\";platform|s:5:\"Linux\";browser|s:18:\"Chrome 69.0.3493.3\";login|b:1;log_tanggal|s:10:\"1532403884\";'),
('6auf7qm6o709pkq55nbkrru68cstr02s',	'127.0.0.1',	1532418480,	'__ci_last_regenerate|i:1532418480;'),
('6c71cdp067f0313hh522rd862bskn6vh',	'127.0.0.1',	1532398838,	'__ci_last_regenerate|i:1532398838;username|s:7:\"postman\";first_name|s:4:\"post\";last_name|s:3:\"man\";surename|s:8:\"post man\";email|s:19:\"postman@postman.com\";userid|s:1:\"7\";platform|s:5:\"Linux\";browser|s:18:\"Chrome 69.0.3493.3\";login|b:1;log_tanggal|s:10:\"1532395550\";'),
('6ld5q2dv2f7qm1ijievqfb4c386lrpnv',	'127.0.0.1',	1532402650,	'__ci_last_regenerate|i:1532402650;username|s:7:\"postman\";first_name|s:4:\"post\";last_name|s:3:\"man\";surename|s:8:\"post man\";email|s:19:\"postman@postman.com\";userid|s:1:\"7\";platform|s:5:\"Linux\";browser|s:18:\"Chrome 69.0.3493.3\";login|b:1;log_tanggal|s:10:\"1532402406\";'),
('7glgmrotl02lpl47ka8fatpijgvn262v',	'127.0.0.1',	1532396606,	'__ci_last_regenerate|i:1532396606;username|s:7:\"postman\";first_name|s:4:\"post\";last_name|s:3:\"man\";surename|s:8:\"post man\";email|s:19:\"postman@postman.com\";userid|s:1:\"7\";platform|s:5:\"Linux\";browser|s:18:\"Chrome 69.0.3493.3\";login|b:1;log_tanggal|s:10:\"1532395550\";'),
('84cgft5u1u518o1o0np80ij1j488o4qk',	'127.0.0.1',	1532395521,	'__ci_last_regenerate|i:1532395520;'),
('8dpqonejfnr14v8gtf283fnj4hkbmr3f',	'127.0.0.1',	1532407822,	'__ci_last_regenerate|i:1532407822;username|s:7:\"postman\";first_name|s:4:\"post\";last_name|s:3:\"man\";surename|s:8:\"post man\";email|s:19:\"postman@postman.com\";userid|s:1:\"7\";platform|s:5:\"Linux\";browser|s:18:\"Chrome 69.0.3493.3\";login|b:1;log_tanggal|s:10:\"1532403884\";'),
('bmr1805e8ptftjjuadn1rl1qnqbbe6d7',	'127.0.0.1',	1532411763,	'__ci_last_regenerate|i:1532411763;username|s:7:\"postman\";first_name|s:4:\"post\";last_name|s:3:\"man\";surename|s:8:\"post man\";email|s:19:\"postman@postman.com\";userid|s:1:\"7\";platform|s:5:\"Linux\";browser|s:18:\"Chrome 69.0.3493.3\";login|b:1;log_tanggal|s:10:\"1532403884\";'),
('c432rer5ktbict5si1m20crht4c8v5mq',	'127.0.0.1',	1532404460,	'__ci_last_regenerate|i:1532404460;username|s:7:\"postman\";first_name|s:4:\"post\";last_name|s:3:\"man\";surename|s:8:\"post man\";email|s:19:\"postman@postman.com\";userid|s:1:\"7\";platform|s:5:\"Linux\";browser|s:18:\"Chrome 69.0.3493.3\";login|b:1;log_tanggal|s:10:\"1532403884\";'),
('cf4ee5qdsf043rqfvg4ftq778ae9j36k',	'127.0.0.1',	1532407077,	'__ci_last_regenerate|i:1532407077;username|s:7:\"postman\";first_name|s:4:\"post\";last_name|s:3:\"man\";surename|s:8:\"post man\";email|s:19:\"postman@postman.com\";userid|s:1:\"7\";platform|s:5:\"Linux\";browser|s:18:\"Chrome 69.0.3493.3\";login|b:1;log_tanggal|s:10:\"1532403884\";'),
('cof652oj3p5jhhgvo7ugjpnr68sg04nk',	'127.0.0.1',	1532410782,	'__ci_last_regenerate|i:1532410782;username|s:7:\"postman\";first_name|s:4:\"post\";last_name|s:3:\"man\";surename|s:8:\"post man\";email|s:19:\"postman@postman.com\";userid|s:1:\"7\";platform|s:5:\"Linux\";browser|s:18:\"Chrome 69.0.3493.3\";login|b:1;log_tanggal|s:10:\"1532403884\";'),
('etma15s73id9ldjbf3c71lb1gdnkpdnb',	'127.0.0.1',	1532409276,	'__ci_last_regenerate|i:1532409276;username|s:7:\"postman\";first_name|s:4:\"post\";last_name|s:3:\"man\";surename|s:8:\"post man\";email|s:19:\"postman@postman.com\";userid|s:1:\"7\";platform|s:5:\"Linux\";browser|s:18:\"Chrome 69.0.3493.3\";login|b:1;log_tanggal|s:10:\"1532403884\";'),
('fh44bqku9c60op47sj3pucc67d3pec5t',	'127.0.0.1',	1532487699,	'__ci_last_regenerate|i:1532487699;'),
('fuv6ong65lfonkms521too08arp87lhf',	'127.0.0.1',	1532401898,	'__ci_last_regenerate|i:1532401898;username|s:7:\"postman\";first_name|s:4:\"post\";last_name|s:3:\"man\";surename|s:8:\"post man\";email|s:19:\"postman@postman.com\";userid|s:1:\"7\";platform|s:5:\"Linux\";browser|s:18:\"Chrome 69.0.3493.3\";login|b:1;log_tanggal|s:10:\"1532395550\";'),
('g8uvhcaek05s6503tapijf2j7d8nlrgg',	'127.0.0.1',	1532408975,	'__ci_last_regenerate|i:1532408975;username|s:7:\"postman\";first_name|s:4:\"post\";last_name|s:3:\"man\";surename|s:8:\"post man\";email|s:19:\"postman@postman.com\";userid|s:1:\"7\";platform|s:5:\"Linux\";browser|s:18:\"Chrome 69.0.3493.3\";login|b:1;log_tanggal|s:10:\"1532403884\";'),
('ga1ac6e5cj47vtkv55d0vka5kfagb0gp',	'127.0.0.1',	1532412950,	'__ci_last_regenerate|i:1532412950;username|s:7:\"postman\";first_name|s:4:\"post\";last_name|s:3:\"man\";surename|s:8:\"post man\";email|s:19:\"postman@postman.com\";userid|s:1:\"7\";platform|s:5:\"Linux\";browser|s:18:\"Chrome 69.0.3493.3\";login|b:1;log_tanggal|s:10:\"1532403884\";'),
('hel7ic3tm4094nr531j80btdhks4jl7n',	'127.0.0.1',	1532412124,	'__ci_last_regenerate|i:1532412124;username|s:7:\"postman\";first_name|s:4:\"post\";last_name|s:3:\"man\";surename|s:8:\"post man\";email|s:19:\"postman@postman.com\";userid|s:1:\"7\";platform|s:5:\"Linux\";browser|s:18:\"Chrome 69.0.3493.3\";login|b:1;log_tanggal|s:10:\"1532403884\";'),
('hiiqjumpsuoikh8lpqp7dkbk33nmo4c6',	'127.0.0.1',	1532403803,	'__ci_last_regenerate|i:1532403803;id_responden|i:573;namalengkap|s:3:\"asd\";jeniskelamin|s:1:\"L\";nomoridentitas|s:3:\"asd\";complete|i:1;logged|b:1;step|i:5;jawaban|a:18:{i:0;a:3:{s:12:\"id_responden\";i:573;s:13:\"id_pertanyaan\";s:1:\"1\";s:7:\"jawaban\";i:3;}i:1;a:3:{s:12:\"id_responden\";i:573;s:13:\"id_pertanyaan\";s:1:\"2\";s:7:\"jawaban\";i:5;}i:2;a:3:{s:12:\"id_responden\";i:573;s:13:\"id_pertanyaan\";s:1:\"3\";s:7:\"jawaban\";i:3;}i:3;a:3:{s:12:\"id_responden\";i:573;s:13:\"id_pertanyaan\";s:1:\"4\";s:7:\"jawaban\";i:3;}i:4;a:3:{s:12:\"id_responden\";i:573;s:13:\"id_pertanyaan\";s:1:\"5\";s:7:\"jawaban\";i:5;}i:5;a:3:{s:12:\"id_responden\";i:573;s:13:\"id_pertanyaan\";s:1:\"6\";s:7:\"jawaban\";i:4;}i:6;a:3:{s:12:\"id_responden\";i:573;s:13:\"id_pertanyaan\";s:1:\"7\";s:7:\"jawaban\";i:4;}i:7;a:3:{s:12:\"id_responden\";i:573;s:13:\"id_pertanyaan\";s:1:\"8\";s:7:\"jawaban\";i:4;}i:8;a:3:{s:12:\"id_responden\";i:573;s:13:\"id_pertanyaan\";s:1:\"9\";s:7:\"jawaban\";i:4;}i:9;a:3:{s:12:\"id_responden\";i:573;s:13:\"id_pertanyaan\";s:2:\"10\";s:7:\"jawaban\";i:5;}i:10;a:3:{s:12:\"id_responden\";i:573;s:13:\"id_pertanyaan\";s:2:\"11\";s:7:\"jawaban\";i:3;}i:11;a:3:{s:12:\"id_responden\";i:573;s:13:\"id_pertanyaan\";s:2:\"12\";s:7:\"jawaban\";i:5;}i:12;a:3:{s:12:\"id_responden\";i:573;s:13:\"id_pertanyaan\";s:2:\"13\";s:7:\"jawaban\";i:4;}i:13;a:3:{s:12:\"id_responden\";i:573;s:13:\"id_pertanyaan\";s:2:\"14\";s:7:\"jawaban\";i:4;}i:14;a:3:{s:12:\"id_responden\";i:573;s:13:\"id_pertanyaan\";s:2:\"15\";s:7:\"jawaban\";i:3;}i:15;a:3:{s:12:\"id_responden\";i:573;s:13:\"id_pertanyaan\";s:2:\"16\";s:7:\"jawaban\";i:4;}i:16;a:3:{s:12:\"id_responden\";i:573;s:13:\"id_pertanyaan\";s:2:\"17\";s:7:\"jawaban\";i:3;}i:17;a:3:{s:12:\"id_responden\";i:573;s:13:\"id_pertanyaan\";s:2:\"18\";s:7:\"jawaban\";i:4;}}'),
('hrmkdkimurmjpn92erehrc34pjo5si9u',	'127.0.0.1',	1532487700,	'__ci_last_regenerate|i:1532487699;'),
('irvk7a4u7tt04cge1qp07rn89davb7e5',	'127.0.0.1',	1532416089,	'__ci_last_regenerate|i:1532416089;username|s:7:\"postman\";first_name|s:4:\"post\";last_name|s:3:\"man\";surename|s:8:\"post man\";email|s:19:\"postman@postman.com\";userid|s:1:\"7\";platform|s:5:\"Linux\";browser|s:18:\"Chrome 69.0.3493.3\";login|b:1;log_tanggal|s:10:\"1532403884\";'),
('jenf5n7v9kb7n4pnomgeh70s4djqgtoe',	'127.0.0.1',	1532408643,	'__ci_last_regenerate|i:1532408643;username|s:7:\"postman\";first_name|s:4:\"post\";last_name|s:3:\"man\";surename|s:8:\"post man\";email|s:19:\"postman@postman.com\";userid|s:1:\"7\";platform|s:5:\"Linux\";browser|s:18:\"Chrome 69.0.3493.3\";login|b:1;log_tanggal|s:10:\"1532403884\";'),
('jocrkfdgtqj9f08e7dnbb8hceb9bcusr',	'127.0.0.1',	1532407474,	'__ci_last_regenerate|i:1532407474;username|s:7:\"postman\";first_name|s:4:\"post\";last_name|s:3:\"man\";surename|s:8:\"post man\";email|s:19:\"postman@postman.com\";userid|s:1:\"7\";platform|s:5:\"Linux\";browser|s:18:\"Chrome 69.0.3493.3\";login|b:1;log_tanggal|s:10:\"1532403884\";'),
('mh4jv2jaetdrgcjc5du38k75lgl46eat',	'127.0.0.1',	1532398108,	'__ci_last_regenerate|i:1532398108;username|s:7:\"postman\";first_name|s:4:\"post\";last_name|s:3:\"man\";surename|s:8:\"post man\";email|s:19:\"postman@postman.com\";userid|s:1:\"7\";platform|s:5:\"Linux\";browser|s:18:\"Chrome 69.0.3493.3\";login|b:1;log_tanggal|s:10:\"1532395550\";'),
('mu82d4dm22a77d5mcuq3r0kath9ul1ss',	'127.0.0.1',	1532413383,	'__ci_last_regenerate|i:1532413383;username|s:7:\"postman\";first_name|s:4:\"post\";last_name|s:3:\"man\";surename|s:8:\"post man\";email|s:19:\"postman@postman.com\";userid|s:1:\"7\";platform|s:5:\"Linux\";browser|s:18:\"Chrome 69.0.3493.3\";login|b:1;log_tanggal|s:10:\"1532403884\";'),
('n0ocjsr0hg1jbq07fgl2hg8lei8akeq2',	'127.0.0.1',	1532403825,	'__ci_last_regenerate|i:1532403825;'),
('ntsp16eu3a7nssvpvfgjp8pe5bdhqjp0',	'127.0.0.1',	1532402998,	'__ci_last_regenerate|i:1532402998;username|s:7:\"postman\";first_name|s:4:\"post\";last_name|s:3:\"man\";surename|s:8:\"post man\";email|s:19:\"postman@postman.com\";userid|s:1:\"7\";platform|s:5:\"Linux\";browser|s:18:\"Chrome 69.0.3493.3\";login|b:1;log_tanggal|s:10:\"1532402406\";'),
('oiu1bk0tl3g707mdf0jgji7pu4v7suu2',	'127.0.0.1',	1532418554,	'__ci_last_regenerate|i:1532418480;id_responden|i:573;namalengkap|s:5:\"asdad\";jeniskelamin|s:1:\"L\";nomoridentitas|s:3:\"asd\";complete|i:0;jawaban|a:0:{}logged|b:1;step|i:1;'),
('q0v015dd6si6uhslckihftssp1so4r09',	'127.0.0.1',	1532409824,	'__ci_last_regenerate|i:1532409824;username|s:7:\"postman\";first_name|s:4:\"post\";last_name|s:3:\"man\";surename|s:8:\"post man\";email|s:19:\"postman@postman.com\";userid|s:1:\"7\";platform|s:5:\"Linux\";browser|s:18:\"Chrome 69.0.3493.3\";login|b:1;log_tanggal|s:10:\"1532403884\";'),
('rgfgooi58ajurt63opmrvl2fmn3jd91t',	'127.0.0.1',	1532398477,	'__ci_last_regenerate|i:1532398477;username|s:7:\"postman\";first_name|s:4:\"post\";last_name|s:3:\"man\";surename|s:8:\"post man\";email|s:19:\"postman@postman.com\";userid|s:1:\"7\";platform|s:5:\"Linux\";browser|s:18:\"Chrome 69.0.3493.3\";login|b:1;log_tanggal|s:10:\"1532395550\";'),
('snubhg7bvaper3pjf6o5k4divsdqq9nn',	'127.0.0.1',	1532413877,	'__ci_last_regenerate|i:1532413877;username|s:7:\"postman\";first_name|s:4:\"post\";last_name|s:3:\"man\";surename|s:8:\"post man\";email|s:19:\"postman@postman.com\";userid|s:1:\"7\";platform|s:5:\"Linux\";browser|s:18:\"Chrome 69.0.3493.3\";login|b:1;log_tanggal|s:10:\"1532403884\";'),
('t32er6gbfdk3imcu1l3or760s82s0qse',	'127.0.0.1',	1532411137,	'__ci_last_regenerate|i:1532411137;username|s:7:\"postman\";first_name|s:4:\"post\";last_name|s:3:\"man\";surename|s:8:\"post man\";email|s:19:\"postman@postman.com\";userid|s:1:\"7\";platform|s:5:\"Linux\";browser|s:18:\"Chrome 69.0.3493.3\";login|b:1;log_tanggal|s:10:\"1532403884\";'),
('uuhntj29k2rhscj30589g1n4gfrd1rji',	'127.0.0.1',	1532403498,	'__ci_last_regenerate|i:1532403498;id_responden|i:573;namalengkap|s:3:\"asd\";jeniskelamin|s:1:\"L\";nomoridentitas|s:3:\"asd\";complete|i:1;logged|b:1;step|i:5;jawaban|a:18:{i:0;a:3:{s:12:\"id_responden\";i:573;s:13:\"id_pertanyaan\";N;s:7:\"jawaban\";i:5;}i:1;a:3:{s:12:\"id_responden\";i:573;s:13:\"id_pertanyaan\";N;s:7:\"jawaban\";i:4;}i:2;a:3:{s:12:\"id_responden\";i:573;s:13:\"id_pertanyaan\";N;s:7:\"jawaban\";i:5;}i:3;a:3:{s:12:\"id_responden\";i:573;s:13:\"id_pertanyaan\";N;s:7:\"jawaban\";i:3;}i:4;a:3:{s:12:\"id_responden\";i:573;s:13:\"id_pertanyaan\";N;s:7:\"jawaban\";i:5;}i:5;a:3:{s:12:\"id_responden\";i:573;s:13:\"id_pertanyaan\";N;s:7:\"jawaban\";i:4;}i:6;a:3:{s:12:\"id_responden\";i:573;s:13:\"id_pertanyaan\";N;s:7:\"jawaban\";i:5;}i:7;a:3:{s:12:\"id_responden\";i:573;s:13:\"id_pertanyaan\";N;s:7:\"jawaban\";i:4;}i:8;a:3:{s:12:\"id_responden\";i:573;s:13:\"id_pertanyaan\";N;s:7:\"jawaban\";i:5;}i:9;a:3:{s:12:\"id_responden\";i:573;s:13:\"id_pertanyaan\";N;s:7:\"jawaban\";i:4;}i:10;a:3:{s:12:\"id_responden\";i:573;s:13:\"id_pertanyaan\";N;s:7:\"jawaban\";i:5;}i:11;a:3:{s:12:\"id_responden\";i:573;s:13:\"id_pertanyaan\";N;s:7:\"jawaban\";i:4;}i:12;a:3:{s:12:\"id_responden\";i:573;s:13:\"id_pertanyaan\";N;s:7:\"jawaban\";i:5;}i:13;a:3:{s:12:\"id_responden\";i:573;s:13:\"id_pertanyaan\";N;s:7:\"jawaban\";i:4;}i:14;a:3:{s:12:\"id_responden\";i:573;s:13:\"id_pertanyaan\";N;s:7:\"jawaban\";i:5;}i:15;a:3:{s:12:\"id_responden\";i:573;s:13:\"id_pertanyaan\";N;s:7:\"jawaban\";i:4;}i:16;a:3:{s:12:\"id_responden\";i:573;s:13:\"id_pertanyaan\";N;s:7:\"jawaban\";i:5;}i:17;a:3:{s:12:\"id_responden\";i:573;s:13:\"id_pertanyaan\";N;s:7:\"jawaban\";i:4;}}');

DROP TABLE IF EXISTS `hasil_kuisioner`;
CREATE TABLE `hasil_kuisioner` (
  `id` int(11) NOT NULL AUTO_INCREMENT,
  `id_responden` int(11) NOT NULL,
  `id_pertanyaan` int(11) NOT NULL,
  `jawaban` int(1) NOT NULL,
  PRIMARY KEY (`id`),
  KEY `id_responden` (`id_responden`),
  KEY `id_pertanyaan` (`id_pertanyaan`),
  CONSTRAINT `hasil_kuisioner_ibfk_1` FOREIGN KEY (`id_responden`) REFERENCES `responden` (`id`),
  CONSTRAINT `hasil_kuisioner_ibfk_2` FOREIGN KEY (`id_pertanyaan`) REFERENCES `pertanyaan_kuisioner` (`id`)
) ENGINE=InnoDB DEFAULT CHARSET=utf8mb4 COLLATE=utf8mb4_general_ci;

TRUNCATE `hasil_kuisioner`;

DROP TABLE IF EXISTS `pertanyaan_kuisioner`;
CREATE TABLE `pertanyaan_kuisioner` (
  `id` int(11) NOT NULL AUTO_INCREMENT,
  `pertanyaan` longtext CHARACTER SET utf8mb4 COLLATE utf8mb4_general_ci NOT NULL,
  `id_aspek` int(11) NOT NULL,
  `created_at` datetime NOT NULL,
  `updated_at` datetime NOT NULL,
  `created_by` int(11) NOT NULL,
  `updated_by` int(11) NOT NULL,
  PRIMARY KEY (`id`),
  KEY `id_aspek` (`id_aspek`),
  CONSTRAINT `pertanyaan_kuisioner_ibfk_2` FOREIGN KEY (`id_aspek`) REFERENCES `aspek_kuisioner` (`id`) ON DELETE CASCADE ON UPDATE CASCADE
) ENGINE=InnoDB DEFAULT CHARSET=utf8mb4 COLLATE=utf8mb4_general_ci;

TRUNCATE `pertanyaan_kuisioner`;
INSERT INTO `pertanyaan_kuisioner` (`id`, `pertanyaan`, `id_aspek`, `created_at`, `updated_at`, `created_by`, `updated_by`) VALUES
(1,	'Apakah tulisan teks yang digunakan untuk halaman tersebut mudah dan jelas bagi anda?',	1,	'2018-07-20 06:26:05',	'2018-07-20 06:26:05',	7,	7),
(2,	'Apakah menu-menu yang ada cukup mudah untuk dipahami?',	1,	'2018-07-20 06:26:05',	'2018-07-20 06:26:05',	7,	7),
(3,	'Apakah anda menemukan menu download pada halaman ini?',	1,	'2018-07-20 06:26:06',	'2018-07-20 06:26:06',	7,	7),
(4,	'Dapatkah anda menemukan menu search ataupun browsing?',	1,	'2018-07-20 06:26:06',	'2018-07-20 06:26:06',	7,	7),
(5,	'Apakah saat menu yang anda klik dapat menampilkan dengan cepat?',	2,	'2018-07-20 06:26:06',	'2018-07-20 06:26:06',	7,	7),
(6,	'Apakah saat diketikan pada mesin pencarian judul langsung ditampilkan?',	2,	'2018-07-20 06:26:06',	'2018-07-20 06:26:06',	7,	7),
(7,	'Saat anda ingin mendownload apakah diberikan informasi tentang format file dan ukurannya?',	2,	'2018-07-20 06:26:06',	'2018-07-20 06:26:06',	7,	7),
(8,	'Apakah alamat tersebut ditulis dengan menggunakan huruf kecil?',	3,	'2018-07-20 06:26:06',	'2018-07-20 06:26:06',	7,	7),
(9,	'Apakah alamat mengandung underline?',	3,	'2018-07-20 06:26:07',	'2018-07-20 06:26:07',	7,	7),
(10,	'Apakah halaman ini menggunakan animasi?',	3,	'2018-07-20 06:26:07',	'2018-07-20 06:26:07',	7,	7),
(11,	'Apakah anda menemukan link yang anda klik error?',	4,	'2018-07-20 06:26:07',	'2018-07-20 06:26:07',	7,	7),
(12,	'Apakah terdapat pesan yang jelas pada link yang error tersebut?',	4,	'2018-07-20 06:26:07',	'2018-07-20 06:26:07',	7,	7),
(13,	'Apakah anda menemukan saat di klik menu tidak memberikan respon apapun?',	4,	'2018-07-20 06:26:07',	'2018-07-20 06:26:07',	7,	7),
(14,	'Apakah anda menemukan adanya under reconstruction dari beberapa menu atau link ?',	4,	'2018-07-20 06:26:07',	'2018-07-20 06:26:07',	7,	7),
(15,	'Apakah anda ingin mengunjungi halaman ini kembali?',	5,	'2018-07-20 06:26:07',	'2018-07-20 06:26:07',	7,	7),
(16,	'Apakah menurut anda informasi yang disajikan dalam halaman ini uptodate?',	5,	'2018-07-20 06:26:07',	'2018-07-20 06:26:07',	7,	7),
(17,	'Apakah Anda menemukan fileshare,chat,mailis dan lainnya?',	5,	'2018-07-20 06:26:08',	'2018-07-20 06:26:08',	7,	7),
(18,	'Apakah menu dengan submenu sesuai penataannya?',	5,	'2018-07-20 06:26:08',	'2018-07-20 06:26:08',	7,	7);

DROP TABLE IF EXISTS `rekomendasi_kuisioner`;
CREATE TABLE `rekomendasi_kuisioner` (
  `id` int(11) NOT NULL AUTO_INCREMENT,
  `id_pertanyaan` int(11) NOT NULL,
  `nilai` int(11) NOT NULL,
  `rekomendasi` longtext COLLATE utf8mb4_general_ci NOT NULL,
  `created_at` datetime NOT NULL,
  `updated_at` datetime NOT NULL,
  `created_by` int(11) NOT NULL,
  `updated_by` int(11) NOT NULL,
  PRIMARY KEY (`id`),
  KEY `id_pertanyaan` (`id_pertanyaan`),
  CONSTRAINT `rekomendasi_kuisioner_ibfk_1` FOREIGN KEY (`id_pertanyaan`) REFERENCES `pertanyaan_kuisioner` (`id`)
) ENGINE=InnoDB DEFAULT CHARSET=utf8mb4 COLLATE=utf8mb4_general_ci;

TRUNCATE `rekomendasi_kuisioner`;

DROP TABLE IF EXISTS `responden`;
CREATE TABLE `responden` (
  `id` int(11) NOT NULL AUTO_INCREMENT,
  `nama_responden` char(50) CHARACTER SET utf8mb4 COLLATE utf8mb4_general_ci NOT NULL,
  `jenis_kelamin` char(1) CHARACTER SET utf8mb4 COLLATE utf8mb4_general_ci NOT NULL,
  `nomor_identitas` varchar(50) CHARACTER SET utf8mb4 COLLATE utf8mb4_general_ci NOT NULL,
  `status` tinyint(1) NOT NULL DEFAULT '0',
  `created_at` datetime NOT NULL,
  PRIMARY KEY (`id`)
) ENGINE=InnoDB DEFAULT CHARSET=utf8mb4 COLLATE=utf8mb4_general_ci;

TRUNCATE `responden`;
INSERT INTO `responden` (`id`, `nama_responden`, `jenis_kelamin`, `nomor_identitas`, `status`, `created_at`) VALUES
(1,	'Anwar',	'L',	'1461500001',	1,	'2018-07-24 14:08:17'),
(2,	'Wahyu',	'P',	'1461500002',	1,	'2018-07-24 14:08:17'),
(3,	'M.Hanif',	'L',	'1461500003',	1,	'2018-07-24 14:08:17'),
(4,	'Eko Nugroho',	'L',	'1461500004',	1,	'2018-07-24 14:08:18'),
(5,	'Abdullah',	'L',	'1461500005',	1,	'2018-07-24 14:08:18'),
(6,	'Habib Mustofa',	'L',	'1461500006',	1,	'2018-07-24 14:08:18'),
(7,	'Iva',	'P',	'1461500007',	1,	'2018-07-24 14:08:18'),
(8,	'Fais Ahfa',	'L',	'1461500008',	1,	'2018-07-24 14:08:18'),
(9,	'Zachhfiandhika g.m',	'L',	'1461500009',	1,	'2018-07-24 14:08:18'),
(10,	'Iqbal Musyaffa\'',	'L',	'1461500010',	1,	'2018-07-24 14:08:18'),
(11,	'Aditya Nanda',	'L',	'1461500011',	1,	'2018-07-24 14:08:18'),
(12,	'Bachtiar Eka Septiad',	'L',	'1461500012',	1,	'2018-07-24 14:08:18'),
(13,	'Lailatul Dwi Riza',	'P',	'1461500013',	1,	'2018-07-24 14:08:19'),
(14,	'Puteri Noraisya',	'P',	'1461500014',	1,	'2018-07-24 14:08:19'),
(15,	'Dwi Harini S',	'P',	'1461500015',	1,	'2018-07-24 14:08:19'),
(16,	'Reny',	'P',	'1461500016',	1,	'2018-07-24 14:08:19'),
(17,	'Anton Breva Yunanda',	'L',	'1461500017',	1,	'2018-07-24 14:08:19'),
(18,	'Dodi Krismawan',	'L',	'1461500018',	1,	'2018-07-24 14:08:19'),
(19,	'Elsen R',	'L',	'1461500019',	1,	'2018-07-24 14:08:19'),
(20,	'Nur Rahman W',	'L',	'1461500020',	1,	'2018-07-24 14:08:19'),
(21,	'Vegaslf',	'P',	'1461500021',	1,	'2018-07-24 14:08:19'),
(22,	'Laila Devi A',	'P',	'1461500022',	1,	'2018-07-24 14:08:20'),
(23,	'Vandy Maulana',	'L',	'1461500023',	1,	'2018-07-24 14:08:20'),
(24,	'Rizky Adi',	'L',	'1461500024',	1,	'2018-07-24 14:08:20'),
(25,	'Angelita Refliani',	'P',	'1461500025',	1,	'2018-07-24 14:08:20'),
(26,	'Shinta Indah Septia',	'P',	'1461500026',	1,	'2018-07-24 14:08:20'),
(27,	'Arviani',	'P',	'1461500027',	1,	'2018-07-24 14:08:20'),
(28,	'Iin Anggraeni',	'P',	'1461500028',	1,	'2018-07-24 14:08:20'),
(29,	'Anisa Lelia',	'P',	'1461500029',	1,	'2018-07-24 14:08:20'),
(30,	'Nadiva',	'P',	'1461500030',	1,	'2018-07-24 14:08:20'),
(31,	'Maulana',	'L',	'1461500031',	1,	'2018-07-24 14:08:21'),
(32,	'Rico F',	'L',	'1461500032',	1,	'2018-07-24 14:08:21'),
(33,	'Ajeng Putri',	'P',	'1461500033',	1,	'2018-07-24 14:08:21'),
(34,	'Yohanes Julius',	'L',	'1461500034',	1,	'2018-07-24 14:08:21'),
(35,	'Elisya Yulviana S',	'P',	'1461500035',	1,	'2018-07-24 14:08:21'),
(36,	'Oky Putra Pradana',	'L',	'1461500036',	1,	'2018-07-24 14:08:21'),
(37,	'M.Junaedi',	'L',	'1461500037',	1,	'2018-07-24 14:08:22'),
(38,	'M.Rafi Nur I',	'L',	'1461500038',	1,	'2018-07-24 14:08:22'),
(39,	'Hartini Dwi N',	'P',	'1461500039',	1,	'2018-07-24 14:08:22'),
(40,	'Alfina Nur',	'P',	'1461500040',	1,	'2018-07-24 14:08:22'),
(41,	'Rasya Regina',	'P',	'1461500041',	1,	'2018-07-24 14:08:22'),
(42,	'M.Bagas',	'L',	'1461500042',	1,	'2018-07-24 14:08:22'),
(43,	'Leresna Yudha',	'L',	'1461500043',	1,	'2018-07-24 14:08:22'),
(44,	'Vicky',	'L',	'1461500044',	1,	'2018-07-24 14:08:22'),
(45,	'Fitri Nadiyanti',	'P',	'1461500045',	1,	'2018-07-24 14:08:22'),
(46,	'Maria Khararina',	'P',	'1461500046',	1,	'2018-07-24 14:08:23'),
(47,	'M. Arman',	'L',	'1461500047',	1,	'2018-07-24 14:08:23'),
(48,	'Marsha Dilla',	'P',	'1461500048',	1,	'2018-07-24 14:08:23'),
(49,	'M.Adam',	'L',	'1461500049',	1,	'2018-07-24 14:08:23'),
(50,	'Ilham',	'L',	'1461500050',	1,	'2018-07-24 14:08:24'),
(51,	'M.Fajar Sugianto',	'L',	'1461500051',	1,	'2018-07-24 14:08:24'),
(52,	'M.Rofiqul',	'L',	'1461500052',	1,	'2018-07-24 14:08:24'),
(53,	'Indria Anggraeni',	'P',	'1461500053',	1,	'2018-07-24 14:08:24'),
(54,	'Hanif Winardi',	'L',	'1461500054',	1,	'2018-07-24 14:08:24'),
(55,	'Nur Aisyah',	'P',	'1461500055',	1,	'2018-07-24 14:08:25'),
(56,	'Aprelia Leilani',	'P',	'1461500056',	1,	'2018-07-24 14:08:25'),
(57,	'Finisya Putri',	'P',	'1461500057',	1,	'2018-07-24 14:08:25'),
(58,	'Ahmad Helmi',	'L',	'1461500058',	1,	'2018-07-24 14:08:25'),
(59,	'Dian Anda R',	'P',	'1461500059',	1,	'2018-07-24 14:08:25'),
(60,	'Elfira Rosa',	'P',	'1461500060',	1,	'2018-07-24 14:08:25'),
(61,	'Angelina Dwi',	'P',	'1461500061',	1,	'2018-07-24 14:08:25'),
(62,	'Friska Shafirayanti',	'P',	'1461500062',	1,	'2018-07-24 14:08:25'),
(63,	'Geby Dwi',	'P',	'1461500063',	1,	'2018-07-24 14:08:25'),
(64,	'M.As\'ad',	'L',	'1461500064',	1,	'2018-07-24 14:08:25'),
(65,	'Meidita Erfiana',	'P',	'1461500065',	1,	'2018-07-24 14:08:26'),
(66,	'Arif Rudiansyah',	'L',	'1461500066',	1,	'2018-07-24 14:08:26'),
(67,	'Elsa Fiona',	'P',	'1461500067',	1,	'2018-07-24 14:08:26'),
(68,	'Erina Yuniarti',	'P',	'1461500068',	1,	'2018-07-24 14:08:26'),
(69,	'Dwi Ayu L',	'P',	'1461500069',	1,	'2018-07-24 14:08:26'),
(70,	'Candra Putri',	'P',	'1461500070',	1,	'2018-07-24 14:08:27'),
(71,	'Aliza Damayanti',	'P',	'1461500071',	1,	'2018-07-24 14:08:27'),
(72,	'Alvian',	'L',	'1461500072',	1,	'2018-07-24 14:08:27'),
(73,	'M.Frendi',	'L',	'1461500073',	1,	'2018-07-24 14:08:27'),
(74,	'Bagus Dwi N',	'L',	'1461500074',	1,	'2018-07-24 14:08:27'),
(75,	'Doni Apprilianto',	'L',	'1461500075',	1,	'2018-07-24 14:08:27'),
(76,	'Dimas Syahrul',	'L',	'1461500076',	1,	'2018-07-24 14:08:27'),
(77,	'Desta Eka',	'P',	'1461500077',	1,	'2018-07-24 14:08:27'),
(78,	'Dwi Jati',	'P',	'1461500078',	1,	'2018-07-24 14:08:27'),
(79,	'Dikta Irfansyah',	'L',	'1461500079',	1,	'2018-07-24 14:08:27'),
(80,	'Hasta',	'L',	'1461500080',	1,	'2018-07-24 14:08:28'),
(81,	'Annisa Eka',	'P',	'1461500081',	1,	'2018-07-24 14:08:28'),
(82,	'Bilah Audina',	'P',	'1461500082',	1,	'2018-07-24 14:08:28'),
(83,	'Delinda',	'P',	'1461500083',	1,	'2018-07-24 14:08:28'),
(84,	'Ananta',	'L',	'1461500084',	1,	'2018-07-24 14:08:28'),
(85,	'Citra Anis',	'P',	'1461500085',	1,	'2018-07-24 14:08:28'),
(86,	'Jericho',	'L',	'1461500086',	1,	'2018-07-24 14:08:28'),
(87,	'Erhans',	'L',	'1461500087',	1,	'2018-07-24 14:08:28'),
(88,	'I Putu Alvin',	'L',	'1461500088',	1,	'2018-07-24 14:08:29'),
(89,	'Putri Ayu',	'P',	'1461500089',	1,	'2018-07-24 14:08:29'),
(90,	'Jessica Barcbara',	'P',	'1461500090',	1,	'2018-07-24 14:08:29'),
(91,	'Binta Kayyisa',	'P',	'1461500091',	1,	'2018-07-24 14:08:29'),
(92,	'Clarissa A.Nadine',	'P',	'1461500092',	1,	'2018-07-24 14:08:29'),
(93,	'Claudia Elizabeth',	'P',	'1461500093',	1,	'2018-07-24 14:08:29'),
(94,	'Rendra Yudha',	'L',	'1461500094',	1,	'2018-07-24 14:08:29'),
(95,	'Dimas Octavianto',	'L',	'1461500095',	1,	'2018-07-24 14:08:29'),
(96,	'Benerdicyrus Dimas',	'L',	'1461500096',	1,	'2018-07-24 14:08:29'),
(97,	'Hanna Christiana',	'P',	'1461500097',	1,	'2018-07-24 14:08:30'),
(98,	'Winda Sefia',	'P',	'1461500098',	1,	'2018-07-24 14:08:30'),
(99,	'Alliyah Sausan',	'P',	'1461500099',	1,	'2018-07-24 14:08:30'),
(100,	'Rahma Annisa',	'P',	'1461500100',	1,	'2018-07-24 14:08:30'),
(101,	'Diana Puspita A',	'P',	'1461500101',	1,	'2018-07-24 14:08:30'),
(102,	'Vania Maharani',	'P',	'1461500102',	1,	'2018-07-24 14:08:30'),
(103,	'Clarissa Putru G',	'P',	'1461500103',	1,	'2018-07-24 14:08:31'),
(104,	'Rayhana Zahra',	'P',	'1461500104',	1,	'2018-07-24 14:08:31'),
(105,	'Dwi Nilam S',	'P',	'1461500105',	1,	'2018-07-24 14:08:31'),
(106,	'Clarissa Dwi O',	'P',	'1461500106',	1,	'2018-07-24 14:08:31'),
(107,	'Ahmad Fais',	'L',	'1461500107',	1,	'2018-07-24 14:08:31'),
(108,	'Aziz Nur Arifin',	'L',	'1461500108',	1,	'2018-07-24 14:08:32'),
(109,	'Oky Kurnia S',	'L',	'1461500109',	1,	'2018-07-24 14:08:32'),
(110,	'Nabilla Firdaus',	'P',	'1461500110',	1,	'2018-07-24 14:08:32'),
(111,	'Fauzi Bagus M',	'L',	'1461500111',	1,	'2018-07-24 14:08:32'),
(112,	'Faragita Rizkita P',	'P',	'1461500112',	1,	'2018-07-24 14:08:32'),
(113,	'Arlin Khozinatud',	'P',	'1461500113',	1,	'2018-07-24 14:08:32'),
(114,	'Jose Andriani',	'L',	'1461500114',	1,	'2018-07-24 14:08:32'),
(115,	'Irham N',	'L',	'1461500115',	1,	'2018-07-24 14:08:32'),
(116,	'Stevanus D',	'L',	'1461500116',	1,	'2018-07-24 14:08:33'),
(117,	'Rizky Mulyadi',	'L',	'1461500117',	1,	'2018-07-24 14:08:33'),
(118,	'Isbat',	'L',	'1461500118',	1,	'2018-07-24 14:08:33'),
(119,	'Kezia',	'P',	'1461500119',	1,	'2018-07-24 14:08:33'),
(120,	'Rita Intan',	'P',	'1461500120',	1,	'2018-07-24 14:08:33'),
(121,	'Tania Marshya',	'P',	'1461500121',	1,	'2018-07-24 14:08:33'),
(122,	'Cheryl',	'P',	'1461500122',	1,	'2018-07-24 14:08:33'),
(123,	'Dita Yulianti',	'P',	'1461500123',	1,	'2018-07-24 14:08:33'),
(124,	'Frisca Agustin',	'P',	'1461500124',	1,	'2018-07-24 14:08:34'),
(125,	'Ikrima Noka',	'P',	'1461500125',	1,	'2018-07-24 14:08:34'),
(126,	'Tessalonika Louise',	'P',	'1461500126',	1,	'2018-07-24 14:08:34'),
(127,	'Zefanni Hinanggal',	'L',	'1461500127',	1,	'2018-07-24 14:08:34'),
(128,	'Shella Ika',	'P',	'1461500128',	1,	'2018-07-24 14:08:34'),
(129,	'Widyah K',	'P',	'1461500129',	1,	'2018-07-24 14:08:34'),
(130,	'Tarisyah A',	'P',	'1461500130',	1,	'2018-07-24 14:08:34'),
(131,	'Oktavia Putri P',	'P',	'1461500131',	1,	'2018-07-24 14:08:34'),
(132,	'Rossa Damayanti',	'P',	'1461500132',	1,	'2018-07-24 14:08:35'),
(133,	'Oktavia Sekar S',	'P',	'1461500133',	1,	'2018-07-24 14:08:35'),
(134,	'Putri Laras Sati',	'P',	'1461500134',	1,	'2018-07-24 14:08:35'),
(135,	'Hasniati',	'P',	'1461500135',	1,	'2018-07-24 14:08:35'),
(136,	'Aris',	'L',	'1461500136',	1,	'2018-07-24 14:08:35'),
(137,	'Salvi',	'P',	'1461500137',	1,	'2018-07-24 14:08:35'),
(138,	'Sandra Kania',	'P',	'1461500138',	1,	'2018-07-24 14:08:35'),
(139,	'Rasidah Mauliddia',	'P',	'1461500139',	1,	'2018-07-24 14:08:36'),
(140,	'Nurfilia Ayu Sasti',	'P',	'1461500140',	1,	'2018-07-24 14:08:36'),
(141,	'Tasbih U',	'L',	'1461500141',	1,	'2018-07-24 14:08:36'),
(142,	'Rio',	'L',	'1461500142',	1,	'2018-07-24 14:08:36'),
(143,	'Rachman R',	'L',	'1461500143',	1,	'2018-07-24 14:08:36'),
(144,	'Riska Ifanka',	'P',	'1461500144',	1,	'2018-07-24 14:08:36'),
(145,	'Nailah A',	'P',	'1461500145',	1,	'2018-07-24 14:08:36'),
(146,	'Reffi T',	'P',	'1461500146',	1,	'2018-07-24 14:08:37'),
(147,	'Wafiq M',	'P',	'1461500147',	1,	'2018-07-24 14:08:37'),
(148,	'Septiya P',	'P',	'1461500148',	1,	'2018-07-24 14:08:37'),
(149,	'Oktavia Ferdiana',	'P',	'1461500149',	1,	'2018-07-24 14:08:37'),
(150,	'Silvia Aurillia',	'P',	'1461500150',	1,	'2018-07-24 14:08:37'),
(151,	'Aisan Batari',	'P',	'1461500151',	1,	'2018-07-24 14:08:37'),
(152,	'M. Azizal',	'L',	'1461500152',	1,	'2018-07-24 14:08:37'),
(153,	'Febbyan M',	'P',	'1461500153',	1,	'2018-07-24 14:08:37'),
(154,	'Meryza',	'P',	'1461500154',	1,	'2018-07-24 14:08:37'),
(155,	'Sawitri',	'P',	'1461500155',	1,	'2018-07-24 14:08:38'),
(156,	'Denisa A',	'P',	'1461500156',	1,	'2018-07-24 14:08:38'),
(157,	'Diaz S',	'P',	'1461500157',	1,	'2018-07-24 14:08:38'),
(158,	'Ihsan F',	'L',	'1461500158',	1,	'2018-07-24 14:08:38'),
(159,	'Akmal I',	'L',	'1461500159',	1,	'2018-07-24 14:08:38'),
(160,	'Moh.Nur W',	'L',	'1461500160',	1,	'2018-07-24 14:08:38'),
(161,	'Rachman A',	'L',	'1461500161',	1,	'2018-07-24 14:08:38'),
(162,	'Tiffany F',	'P',	'1461500162',	1,	'2018-07-24 14:08:38'),
(163,	'Chandita Aditya',	'L',	'1461500163',	1,	'2018-07-24 14:08:38'),
(164,	'Fernika M',	'P',	'1461500164',	1,	'2018-07-24 14:08:39'),
(165,	'Kitty Indah N',	'P',	'1461500165',	1,	'2018-07-24 14:08:39'),
(166,	'Jeson',	'L',	'1461500166',	1,	'2018-07-24 14:08:39'),
(167,	'Ayu Rahmadani',	'P',	'1461500167',	1,	'2018-07-24 14:08:39'),
(168,	'Rafly',	'L',	'1461500168',	1,	'2018-07-24 14:08:39'),
(169,	'Vini',	'P',	'1461500169',	1,	'2018-07-24 14:08:39'),
(170,	'Dyta Avdya',	'P',	'1461500170',	1,	'2018-07-24 14:08:39'),
(171,	'Salsabillah Alifah',	'P',	'1461500171',	1,	'2018-07-24 14:08:39'),
(172,	'Yosafat N',	'L',	'1461500172',	1,	'2018-07-24 14:08:39'),
(173,	'Rizky',	'L',	'1461500173',	1,	'2018-07-24 14:08:40'),
(174,	'Putri Kinayah',	'P',	'1461500174',	1,	'2018-07-24 14:08:40'),
(175,	'Febriyanti',	'P',	'1461500175',	1,	'2018-07-24 14:08:40'),
(176,	'M.Hamzah',	'L',	'1461500176',	1,	'2018-07-24 14:08:40'),
(177,	'Nabila Kania P',	'P',	'1461500177',	1,	'2018-07-24 14:08:40'),
(178,	'Gede Breyen',	'L',	'1461500178',	1,	'2018-07-24 14:08:40'),
(179,	'Putri Syahbani',	'P',	'1461500179',	1,	'2018-07-24 14:08:40'),
(180,	'Miftaqul F',	'P',	'1461500180',	1,	'2018-07-24 14:08:40'),
(181,	'Sanditya F',	'L',	'1461500181',	1,	'2018-07-24 14:08:41'),
(182,	'Brian Alviano',	'L',	'1461500182',	1,	'2018-07-24 14:08:41'),
(183,	'Dinda',	'P',	'1461500183',	1,	'2018-07-24 14:08:41'),
(184,	'Arya Candra',	'L',	'1461500184',	1,	'2018-07-24 14:08:41'),
(185,	'Dylan',	'L',	'1461500185',	1,	'2018-07-24 14:08:41'),
(186,	'Ananda Dwi',	'P',	'1461500186',	1,	'2018-07-24 14:08:41'),
(187,	'Achmad Dicky',	'L',	'1461500187',	1,	'2018-07-24 14:08:41'),
(188,	'Wahyu R',	'L',	'1461500188',	1,	'2018-07-24 14:08:41'),
(189,	'Irin',	'P',	'1461500189',	1,	'2018-07-24 14:08:41'),
(190,	'Arif Kusuma',	'L',	'1461500190',	1,	'2018-07-24 14:08:42'),
(191,	'Alfinda P',	'P',	'1461500191',	1,	'2018-07-24 14:08:42'),
(192,	'Tika D',	'P',	'1461500192',	1,	'2018-07-24 14:08:42'),
(193,	'Rivaldi Dwi',	'L',	'1461500193',	1,	'2018-07-24 14:08:42'),
(194,	'Oktavia Irsadila',	'P',	'1461500194',	1,	'2018-07-24 14:08:42'),
(195,	'Citra Ayu',	'P',	'1461500195',	1,	'2018-07-24 14:08:42'),
(196,	'Ridho',	'L',	'1461500196',	1,	'2018-07-24 14:08:42'),
(197,	'Indah M',	'P',	'1461500197',	1,	'2018-07-24 14:08:42'),
(198,	'Fahdan A',	'L',	'1461500198',	1,	'2018-07-24 14:08:43'),
(199,	'Donny Febri',	'L',	'1461500199',	1,	'2018-07-24 14:08:43'),
(200,	'Aiyah putri',	'P',	'1461500200',	1,	'2018-07-24 14:08:43'),
(201,	'Annisa Rahmawati',	'P',	'1461500201',	1,	'2018-07-24 14:08:43'),
(202,	'Adelya P',	'P',	'1461500202',	1,	'2018-07-24 14:08:43'),
(203,	'Savira S',	'P',	'1461500203',	1,	'2018-07-24 14:08:43'),
(204,	'Moch.Aminur',	'L',	'1461500204',	1,	'2018-07-24 14:08:43'),
(205,	'Fabs',	'L',	'1461500205',	1,	'2018-07-24 14:08:43'),
(206,	'Jhohan',	'L',	'1461500206',	1,	'2018-07-24 14:08:43'),
(207,	'Apriliasari W',	'P',	'1461500207',	1,	'2018-07-24 14:08:43'),
(208,	'Qurotta Ayun',	'P',	'1461500208',	1,	'2018-07-24 14:08:44'),
(209,	'Betania Nanda S',	'P',	'1461500209',	1,	'2018-07-24 14:08:44'),
(210,	'Nafrita Mutiara',	'P',	'1461500210',	1,	'2018-07-24 14:08:44'),
(211,	'Ammabellianny',	'P',	'1461500211',	1,	'2018-07-24 14:08:44'),
(212,	'Fabrella Eria',	'P',	'1461500212',	1,	'2018-07-24 14:08:44'),
(213,	'Adhella Eria T M',	'P',	'1461500213',	1,	'2018-07-24 14:08:44'),
(214,	'Hapsari Maharani',	'P',	'1461500214',	1,	'2018-07-24 14:08:44'),
(215,	'Sela Anisya S',	'P',	'1461500215',	1,	'2018-07-24 14:08:44'),
(216,	'Afitah Adiningsih',	'P',	'1461500216',	1,	'2018-07-24 14:08:45'),
(217,	'Wahyu Shinta A',	'P',	'1461500217',	1,	'2018-07-24 14:08:45'),
(218,	'Alika Tasya',	'P',	'1461500218',	1,	'2018-07-24 14:08:45'),
(219,	'M.Dzar',	'L',	'1461500219',	1,	'2018-07-24 14:08:45'),
(220,	'Ananda Achjar',	'L',	'1461500220',	1,	'2018-07-24 14:08:45'),
(221,	'Kevin Rizki F',	'L',	'1461500221',	1,	'2018-07-24 14:08:45'),
(222,	'Ezzar Tharea',	'L',	'1461500222',	1,	'2018-07-24 14:08:45'),
(223,	'Andhipramana P',	'L',	'1461500223',	1,	'2018-07-24 14:08:46'),
(224,	'Anggit Daha',	'L',	'1461500224',	1,	'2018-07-24 14:08:46'),
(225,	'Ahmad Nizar',	'L',	'1461500225',	1,	'2018-07-24 14:08:46'),
(226,	'Aldien R',	'L',	'1461500226',	1,	'2018-07-24 14:08:46'),
(227,	'Ilham',	'L',	'1461500227',	1,	'2018-07-24 14:08:46'),
(228,	'Daffa Abiyoga',	'L',	'1461500228',	1,	'2018-07-24 14:08:46'),
(229,	'M.Syahril',	'L',	'1461500229',	1,	'2018-07-24 14:08:46'),
(230,	'Yusuf Kurniawan',	'L',	'1461500230',	1,	'2018-07-24 14:08:47'),
(231,	'Etnandia Amalia',	'P',	'1461500231',	1,	'2018-07-24 14:08:47'),
(232,	'Athirah villa',	'P',	'1461500232',	1,	'2018-07-24 14:08:47'),
(233,	'Raul Julito',	'L',	'1461500233',	1,	'2018-07-24 14:08:47'),
(234,	'Canny Larung',	'P',	'1461500234',	1,	'2018-07-24 14:08:47'),
(235,	'Zaisadewa',	'P',	'1461500235',	1,	'2018-07-24 14:08:48'),
(236,	'Ryan Anshorulla',	'L',	'1461500236',	1,	'2018-07-24 14:08:48'),
(237,	'Ronan Adi',	'L',	'1461500237',	1,	'2018-07-24 14:08:48'),
(238,	'Rifki Iqbal',	'L',	'1461500238',	1,	'2018-07-24 14:08:48'),
(239,	'Ryan Adi P',	'L',	'1461500239',	1,	'2018-07-24 14:08:48'),
(240,	'Nindya Kirana',	'P',	'1461500240',	1,	'2018-07-24 14:08:48'),
(241,	'Faza Abdiansyah',	'L',	'1461500241',	1,	'2018-07-24 14:08:48'),
(242,	'Primus Setyo',	'L',	'1461500242',	1,	'2018-07-24 14:08:48'),
(243,	'Dani Soetrisno',	'L',	'1461500243',	1,	'2018-07-24 14:08:48'),
(244,	'Nadira Feri',	'P',	'1461500244',	1,	'2018-07-24 14:08:49'),
(245,	'Nur Aida',	'P',	'1461500245',	1,	'2018-07-24 14:08:49'),
(246,	'Folicia',	'P',	'1461500246',	1,	'2018-07-24 14:08:49'),
(247,	'Rosita',	'P',	'1461500247',	1,	'2018-07-24 14:08:49'),
(248,	'Septiyara',	'P',	'1461500248',	1,	'2018-07-24 14:08:49'),
(249,	'Sabaty',	'P',	'1461500249',	1,	'2018-07-24 14:08:49'),
(250,	'Anis I',	'P',	'1461500250',	1,	'2018-07-24 14:08:49'),
(251,	'Aorta',	'P',	'1461500251',	1,	'2018-07-24 14:08:49'),
(252,	'Rizky',	'L',	'1461500252',	1,	'2018-07-24 14:08:49'),
(253,	'Putri Novita',	'P',	'1461500253',	1,	'2018-07-24 14:08:50'),
(254,	'Siti F',	'P',	'1461500254',	1,	'2018-07-24 14:08:50'),
(255,	'Elok T',	'P',	'1461500255',	1,	'2018-07-24 14:08:50'),
(256,	'Alviatuz Zahro',	'P',	'1461500256',	1,	'2018-07-24 14:08:50'),
(257,	'Ken Ragil',	'P',	'1461500257',	1,	'2018-07-24 14:08:50'),
(258,	'Sandra Eka',	'P',	'1461500258',	1,	'2018-07-24 14:08:50'),
(259,	'Nadila P',	'P',	'1461500259',	1,	'2018-07-24 14:08:50'),
(260,	'Erliantika',	'P',	'1461500260',	1,	'2018-07-24 14:08:50'),
(261,	'Tiana S',	'P',	'1461500261',	1,	'2018-07-24 14:08:50'),
(262,	'Shierley',	'P',	'1461500262',	1,	'2018-07-24 14:08:51'),
(263,	'Rio Oktavani',	'L',	'1461500263',	1,	'2018-07-24 14:08:51'),
(264,	'Doni Akbar',	'L',	'1461500264',	1,	'2018-07-24 14:08:51'),
(265,	'Anastsya',	'P',	'1461500265',	1,	'2018-07-24 14:08:51'),
(266,	'Nova Firnando',	'P',	'1461500266',	1,	'2018-07-24 14:08:51'),
(267,	'Anandha S',	'P',	'1461500267',	1,	'2018-07-24 14:08:51'),
(268,	'Fardillah',	'P',	'1461500268',	1,	'2018-07-24 14:08:51'),
(269,	'Yeni Kusmayanti',	'P',	'1461500269',	1,	'2018-07-24 14:08:51'),
(270,	'Adinda S',	'P',	'1461500270',	1,	'2018-07-24 14:08:52'),
(271,	'Wildan R',	'P',	'1461500271',	1,	'2018-07-24 14:08:52'),
(272,	'Krisna D',	'L',	'1461500272',	1,	'2018-07-24 14:08:52'),
(273,	'Zakaria D',	'L',	'1461500273',	1,	'2018-07-24 14:08:52'),
(274,	'Putri Sidin',	'P',	'1461500274',	1,	'2018-07-24 14:08:52'),
(275,	'Arlinda Zahra',	'P',	'1461500275',	1,	'2018-07-24 14:08:52'),
(276,	'Dhika C',	'P',	'1461500276',	1,	'2018-07-24 14:08:52'),
(277,	'Tasya K',	'P',	'1461500277',	1,	'2018-07-24 14:08:53'),
(278,	'Batty M',	'P',	'1461500278',	1,	'2018-07-24 14:08:53'),
(279,	'Dian Putri',	'P',	'1461500279',	1,	'2018-07-24 14:08:53'),
(280,	'Immanuel M',	'P',	'1461500280',	1,	'2018-07-24 14:08:53'),
(281,	'Ersa A',	'P',	'1461500281',	1,	'2018-07-24 14:08:53'),
(282,	'Sagita E',	'P',	'1461500282',	1,	'2018-07-24 14:08:53'),
(283,	'Tiara',	'P',	'1461500283',	1,	'2018-07-24 14:08:53'),
(284,	'Nurul A',	'P',	'1461500284',	1,	'2018-07-24 14:08:53'),
(285,	'Dian',	'P',	'1461500285',	1,	'2018-07-24 14:08:53'),
(286,	'Wahyu',	'P',	'1461500286',	1,	'2018-07-24 14:08:54'),
(287,	'Anwar',	'L',	'1461500287',	1,	'2018-07-24 14:08:54'),
(288,	'Wahyu',	'P',	'1461500288',	1,	'2018-07-24 14:08:54'),
(289,	'M.Hanif',	'L',	'1461500289',	1,	'2018-07-24 14:08:54'),
(290,	'Eko Nugroho',	'L',	'1461500290',	1,	'2018-07-24 14:08:54'),
(291,	'Abdullah',	'L',	'1461500291',	1,	'2018-07-24 14:08:54'),
(292,	'Habib Mustofa',	'L',	'1461500292',	1,	'2018-07-24 14:08:54'),
(293,	'Iva',	'P',	'1461500293',	1,	'2018-07-24 14:08:54'),
(294,	'Fais Ahfa',	'L',	'1461500294',	1,	'2018-07-24 14:08:55'),
(295,	'Zachhfiandhika g.m',	'L',	'1461500295',	1,	'2018-07-24 14:08:55'),
(296,	'Iqbal Musyaffa\'',	'L',	'1461500296',	1,	'2018-07-24 14:08:55'),
(297,	'Aditya Nanda',	'L',	'1461500297',	1,	'2018-07-24 14:08:55'),
(298,	'Bachtiar Eka Septiad',	'L',	'1461500298',	1,	'2018-07-24 14:08:55'),
(299,	'Lailatul Dwi Riza',	'P',	'1461500299',	1,	'2018-07-24 14:08:55'),
(300,	'Puteri Noraisya',	'P',	'1461500300',	1,	'2018-07-24 14:08:55'),
(301,	'Dwi Harini S',	'P',	'1461500301',	1,	'2018-07-24 14:08:55'),
(302,	'Reny',	'P',	'1461500302',	1,	'2018-07-24 14:08:56'),
(303,	'Anton Breva Yunanda',	'L',	'1461500303',	1,	'2018-07-24 14:08:56'),
(304,	'Dodi Krismawan',	'L',	'1461500304',	1,	'2018-07-24 14:08:56'),
(305,	'Elsen R',	'L',	'1461500305',	1,	'2018-07-24 14:08:56'),
(306,	'Nur Rahman W',	'L',	'1461500306',	1,	'2018-07-24 14:08:56'),
(307,	'Vegaslf',	'P',	'1461500307',	1,	'2018-07-24 14:08:56'),
(308,	'Laila Devi A',	'P',	'1461500308',	1,	'2018-07-24 14:08:56'),
(309,	'Vandy Maulana',	'L',	'1461500309',	1,	'2018-07-24 14:08:56'),
(310,	'Rizky Adi',	'L',	'1461500310',	1,	'2018-07-24 14:08:56'),
(311,	'Angelita Refliani',	'P',	'1461500311',	1,	'2018-07-24 14:08:57'),
(312,	'Shinta Indah Septia',	'P',	'1461500312',	1,	'2018-07-24 14:08:57'),
(313,	'Arviani',	'P',	'1461500313',	1,	'2018-07-24 14:08:57'),
(314,	'Iin Anggraeni',	'P',	'1461500314',	1,	'2018-07-24 14:08:57'),
(315,	'Anisa Lelia',	'P',	'1461500315',	1,	'2018-07-24 14:08:57'),
(316,	'Nadiva',	'P',	'1461500316',	1,	'2018-07-24 14:08:57'),
(317,	'Maulana',	'L',	'1461500317',	1,	'2018-07-24 14:08:57'),
(318,	'Rico F',	'L',	'1461500318',	1,	'2018-07-24 14:08:57'),
(319,	'Ajeng Putri',	'P',	'1461500319',	1,	'2018-07-24 14:08:58'),
(320,	'Yohanes Julius',	'L',	'1461500320',	1,	'2018-07-24 14:08:58'),
(321,	'Elisya Yulviana S',	'P',	'1461500321',	1,	'2018-07-24 14:08:58'),
(322,	'Oky Putra Pradana',	'L',	'1461500322',	1,	'2018-07-24 14:08:58'),
(323,	'M.Junaedi',	'L',	'1461500323',	1,	'2018-07-24 14:08:58'),
(324,	'M.Rafi Nur I',	'L',	'1461500324',	1,	'2018-07-24 14:08:58'),
(325,	'Hartini Dwi N',	'P',	'1461500325',	1,	'2018-07-24 14:08:58'),
(326,	'Alfina Nur',	'P',	'1461500326',	1,	'2018-07-24 14:08:58'),
(327,	'Rasya Regina',	'P',	'1461500327',	1,	'2018-07-24 14:08:58'),
(328,	'M.Bagas',	'L',	'1461500328',	1,	'2018-07-24 14:08:58'),
(329,	'Leresna Yudha',	'L',	'1461500329',	1,	'2018-07-24 14:08:59'),
(330,	'Vicky',	'L',	'1461500330',	1,	'2018-07-24 14:08:59'),
(331,	'Fitri Nadiyanti',	'P',	'1461500331',	1,	'2018-07-24 14:08:59'),
(332,	'Maria Khararina',	'P',	'1461500332',	1,	'2018-07-24 14:08:59'),
(333,	'M. Arman',	'L',	'1461500333',	1,	'2018-07-24 14:08:59'),
(334,	'Marsha Dilla',	'P',	'1461500334',	1,	'2018-07-24 14:08:59'),
(335,	'M.Adam',	'L',	'1461500335',	1,	'2018-07-24 14:08:59'),
(336,	'Ilham',	'L',	'1461500336',	1,	'2018-07-24 14:08:59'),
(337,	'M.Fajar Sugianto',	'L',	'1461500337',	1,	'2018-07-24 14:09:00'),
(338,	'M.Rofiqul',	'L',	'1461500338',	1,	'2018-07-24 14:09:00'),
(339,	'Indria Anggraeni',	'P',	'1461500339',	1,	'2018-07-24 14:09:00'),
(340,	'Hanif Winardi',	'L',	'1461500340',	1,	'2018-07-24 14:09:00'),
(341,	'Nur Aisyah',	'P',	'1461500341',	1,	'2018-07-24 14:09:00'),
(342,	'Aprelia Leilani',	'P',	'1461500342',	1,	'2018-07-24 14:09:00'),
(343,	'Finisya Putri',	'P',	'1461500343',	1,	'2018-07-24 14:09:00'),
(344,	'Ahmad Helmi',	'L',	'1461500344',	1,	'2018-07-24 14:09:00'),
(345,	'Dian Anda R',	'P',	'1461500345',	1,	'2018-07-24 14:09:01'),
(346,	'Elfira Rosa',	'P',	'1461500346',	1,	'2018-07-24 14:09:01'),
(347,	'Angelina Dwi',	'P',	'1461500347',	1,	'2018-07-24 14:09:01'),
(348,	'Friska Shafirayanti',	'P',	'1461500348',	1,	'2018-07-24 14:09:01'),
(349,	'Geby Dwi',	'P',	'1461500349',	1,	'2018-07-24 14:09:01'),
(350,	'M.As\'ad',	'L',	'1461500350',	1,	'2018-07-24 14:09:01'),
(351,	'Meidita Erfiana',	'P',	'1461500351',	1,	'2018-07-24 14:09:01'),
(352,	'Arif Rudiansyah',	'L',	'1461500352',	1,	'2018-07-24 14:09:01'),
(353,	'Elsa Fiona',	'P',	'1461500353',	1,	'2018-07-24 14:09:01'),
(354,	'Erina Yuniarti',	'P',	'1461500354',	1,	'2018-07-24 14:09:02'),
(355,	'Dwi Ayu L',	'P',	'1461500355',	1,	'2018-07-24 14:09:02'),
(356,	'Candra Putri',	'P',	'1461500356',	1,	'2018-07-24 14:09:02'),
(357,	'Aliza Damayanti',	'P',	'1461500357',	1,	'2018-07-24 14:09:02'),
(358,	'Alvian',	'L',	'1461500358',	1,	'2018-07-24 14:09:02'),
(359,	'M.Frendi',	'L',	'1461500359',	1,	'2018-07-24 14:09:03'),
(360,	'Bagus Dwi N',	'L',	'1461500360',	1,	'2018-07-24 14:09:03'),
(361,	'Doni Apprilianto',	'L',	'1461500361',	1,	'2018-07-24 14:09:03'),
(362,	'Dimas Syahrul',	'L',	'1461500362',	1,	'2018-07-24 14:09:03'),
(363,	'Desta Eka',	'P',	'1461500363',	1,	'2018-07-24 14:09:03'),
(364,	'Dwi Jati',	'P',	'1461500364',	1,	'2018-07-24 14:09:03'),
(365,	'Dikta Irfansyah',	'L',	'1461500365',	1,	'2018-07-24 14:09:03'),
(366,	'Hasta',	'L',	'1461500366',	1,	'2018-07-24 14:09:03'),
(367,	'Annisa Eka',	'P',	'1461500367',	1,	'2018-07-24 14:09:03'),
(368,	'Bilah Audina',	'P',	'1461500368',	1,	'2018-07-24 14:09:04'),
(369,	'Delinda',	'P',	'1461500369',	1,	'2018-07-24 14:09:04'),
(370,	'Ananta',	'L',	'1461500370',	1,	'2018-07-24 14:09:04'),
(371,	'Citra Anis',	'P',	'1461500371',	1,	'2018-07-24 14:09:04'),
(372,	'Jericho',	'L',	'1461500372',	1,	'2018-07-24 14:09:04'),
(373,	'Erhans',	'L',	'1461500373',	1,	'2018-07-24 14:09:04'),
(374,	'I Putu Alvin',	'L',	'1461500374',	1,	'2018-07-24 14:09:04'),
(375,	'Putri Ayu',	'P',	'1461500375',	1,	'2018-07-24 14:09:04'),
(376,	'Jessica Barcbara',	'P',	'1461500376',	1,	'2018-07-24 14:09:05'),
(377,	'Binta Kayyisa',	'P',	'1461500377',	1,	'2018-07-24 14:09:05'),
(378,	'Clarissa A.Nadine',	'P',	'1461500378',	1,	'2018-07-24 14:09:05'),
(379,	'Claudia Elizabeth',	'P',	'1461500379',	1,	'2018-07-24 14:09:05'),
(380,	'Rendra Yudha',	'L',	'1461500380',	1,	'2018-07-24 14:09:05'),
(381,	'Dimas Octavianto',	'L',	'1461500381',	1,	'2018-07-24 14:09:05'),
(382,	'Benerdicyrus Dimas',	'L',	'1461500382',	1,	'2018-07-24 14:09:05'),
(383,	'Hanna Christiana',	'P',	'1461500383',	1,	'2018-07-24 14:09:05'),
(384,	'Winda Sefia',	'P',	'1461500384',	1,	'2018-07-24 14:09:06'),
(385,	'Alliyah Sausan',	'P',	'1461500385',	1,	'2018-07-24 14:09:06'),
(386,	'Rahma Annisa',	'P',	'1461500386',	1,	'2018-07-24 14:09:06'),
(387,	'Diana Puspita A',	'P',	'1461500387',	1,	'2018-07-24 14:09:06'),
(388,	'Vania Maharani',	'P',	'1461500388',	1,	'2018-07-24 14:09:06'),
(389,	'Clarissa Putru G',	'P',	'1461500389',	1,	'2018-07-24 14:09:06'),
(390,	'Rayhana Zahra',	'P',	'1461500390',	1,	'2018-07-24 14:09:06'),
(391,	'Dwi Nilam S',	'P',	'1461500391',	1,	'2018-07-24 14:09:06'),
(392,	'Clarissa Dwi O',	'P',	'1461500392',	1,	'2018-07-24 14:09:06'),
(393,	'Ahmad Fais',	'L',	'1461500393',	1,	'2018-07-24 14:09:07'),
(394,	'Aziz Nur Arifin',	'L',	'1461500394',	1,	'2018-07-24 14:09:07'),
(395,	'Oky Kurnia S',	'L',	'1461500395',	1,	'2018-07-24 14:09:07'),
(396,	'Nabilla Firdaus',	'P',	'1461500396',	1,	'2018-07-24 14:09:07'),
(397,	'Fauzi Bagus M',	'L',	'1461500397',	1,	'2018-07-24 14:09:07'),
(398,	'Faragita Rizkita P',	'P',	'1461500398',	1,	'2018-07-24 14:09:07'),
(399,	'Arlin Khozinatud',	'P',	'1461500399',	1,	'2018-07-24 14:09:08'),
(400,	'Jose Andriani',	'L',	'1461500400',	1,	'2018-07-24 14:09:08'),
(401,	'Irham N',	'L',	'1461500401',	1,	'2018-07-24 14:09:08'),
(402,	'Stevanus D',	'L',	'1461500402',	1,	'2018-07-24 14:09:08'),
(403,	'Rizky Mulyadi',	'L',	'1461500403',	1,	'2018-07-24 14:09:08'),
(404,	'Isbat',	'L',	'1461500404',	1,	'2018-07-24 14:09:08'),
(405,	'Kezia',	'P',	'1461500405',	1,	'2018-07-24 14:09:08'),
(406,	'Rita Intan',	'P',	'1461500406',	1,	'2018-07-24 14:09:08'),
(407,	'Tania Marshya',	'P',	'1461500407',	1,	'2018-07-24 14:09:08'),
(408,	'Cheryl',	'P',	'1461500408',	1,	'2018-07-24 14:09:09'),
(409,	'Dita Yulianti',	'P',	'1461500409',	1,	'2018-07-24 14:09:09'),
(410,	'Frisca Agustin',	'P',	'1461500410',	1,	'2018-07-24 14:09:09'),
(411,	'Ikrima Noka',	'P',	'1461500411',	1,	'2018-07-24 14:09:09'),
(412,	'Tessalonika Louise',	'P',	'1461500412',	1,	'2018-07-24 14:09:09'),
(413,	'Zefanni Hinanggal',	'L',	'1461500413',	1,	'2018-07-24 14:09:09'),
(414,	'Shella Ika',	'P',	'1461500414',	1,	'2018-07-24 14:09:09'),
(415,	'Widyah K',	'P',	'1461500415',	1,	'2018-07-24 14:09:10'),
(416,	'Tarisyah A',	'P',	'1461500416',	1,	'2018-07-24 14:09:10'),
(417,	'Oktavia Putri P',	'P',	'1461500417',	1,	'2018-07-24 14:09:10'),
(418,	'Rossa Damayanti',	'P',	'1461500418',	1,	'2018-07-24 14:09:10'),
(419,	'Oktavia Sekar S',	'P',	'1461500419',	1,	'2018-07-24 14:09:10'),
(420,	'Putri Laras Sati',	'P',	'1461500420',	1,	'2018-07-24 14:09:10'),
(421,	'Hasniati',	'P',	'1461500421',	1,	'2018-07-24 14:09:10'),
(422,	'Aris',	'L',	'1461500422',	1,	'2018-07-24 14:09:10'),
(423,	'Salvi',	'P',	'1461500423',	1,	'2018-07-24 14:09:10'),
(424,	'Sandra Kania',	'P',	'1461500424',	1,	'2018-07-24 14:09:11'),
(425,	'Rasidah Mauliddia',	'P',	'1461500425',	1,	'2018-07-24 14:09:11'),
(426,	'Nurfilia Ayu Sasti',	'P',	'1461500426',	1,	'2018-07-24 14:09:11'),
(427,	'Tasbih U',	'L',	'1461500427',	1,	'2018-07-24 14:09:11'),
(428,	'Rio',	'L',	'1461500428',	1,	'2018-07-24 14:09:11'),
(429,	'Rachman R',	'L',	'1461500429',	1,	'2018-07-24 14:09:11'),
(430,	'Riska Ifanka',	'P',	'1461500430',	1,	'2018-07-24 14:09:11'),
(431,	'Nailah A',	'P',	'1461500431',	1,	'2018-07-24 14:09:11'),
(432,	'Reffi T',	'P',	'1461500432',	1,	'2018-07-24 14:09:12'),
(433,	'Wafiq M',	'P',	'1461500433',	1,	'2018-07-24 14:09:12'),
(434,	'Septiya P',	'P',	'1461500434',	1,	'2018-07-24 14:09:12'),
(435,	'Oktavia Ferdiana',	'P',	'1461500435',	1,	'2018-07-24 14:09:12'),
(436,	'Silvia Aurillia',	'P',	'1461500436',	1,	'2018-07-24 14:09:12'),
(437,	'Aisan Batari',	'P',	'1461500437',	1,	'2018-07-24 14:09:12'),
(438,	'M. Azizal',	'L',	'1461500438',	1,	'2018-07-24 14:09:12'),
(439,	'Febbyan M',	'P',	'1461500439',	1,	'2018-07-24 14:09:12'),
(440,	'Meryza',	'P',	'1461500440',	1,	'2018-07-24 14:09:13'),
(441,	'Sawitri',	'P',	'1461500441',	1,	'2018-07-24 14:09:13'),
(442,	'Denisa A',	'P',	'1461500442',	1,	'2018-07-24 14:09:13'),
(443,	'Diaz S',	'P',	'1461500443',	1,	'2018-07-24 14:09:13'),
(444,	'Ihsan F',	'L',	'1461500444',	1,	'2018-07-24 14:09:13'),
(445,	'Akmal I',	'L',	'1461500445',	1,	'2018-07-24 14:09:13'),
(446,	'Moh.Nur W',	'L',	'1461500446',	1,	'2018-07-24 14:09:13'),
(447,	'Rachman A',	'L',	'1461500447',	1,	'2018-07-24 14:09:13'),
(448,	'Tiffany F',	'P',	'1461500448',	1,	'2018-07-24 14:09:14'),
(449,	'Chandita Aditya',	'L',	'1461500449',	1,	'2018-07-24 14:09:14'),
(450,	'Fernika M',	'P',	'1461500450',	1,	'2018-07-24 14:09:14'),
(451,	'Kitty Indah N',	'P',	'1461500451',	1,	'2018-07-24 14:09:14'),
(452,	'Jeson',	'L',	'1461500452',	1,	'2018-07-24 14:09:14'),
(453,	'Ayu Rahmadani',	'P',	'1461500453',	1,	'2018-07-24 14:09:14'),
(454,	'Rafly',	'L',	'1461500454',	1,	'2018-07-24 14:09:14'),
(455,	'Vini',	'P',	'1461500455',	1,	'2018-07-24 14:09:14'),
(456,	'Dyta Avdya',	'P',	'1461500456',	1,	'2018-07-24 14:09:15'),
(457,	'Salsabillah Alifah',	'P',	'1461500457',	1,	'2018-07-24 14:09:15'),
(458,	'Yosafat N',	'L',	'1461500458',	1,	'2018-07-24 14:09:15'),
(459,	'Rizky',	'L',	'1461500459',	1,	'2018-07-24 14:09:15'),
(460,	'Putri Kinayah',	'P',	'1461500460',	1,	'2018-07-24 14:09:15'),
(461,	'Febriyanti',	'P',	'1461500461',	1,	'2018-07-24 14:09:15'),
(462,	'M.Hamzah',	'L',	'1461500462',	1,	'2018-07-24 14:09:15'),
(463,	'Nabila Kania P',	'P',	'1461500463',	1,	'2018-07-24 14:09:15'),
(464,	'Gede Breyen',	'L',	'1461500464',	1,	'2018-07-24 14:09:16'),
(465,	'Putri Syahbani',	'P',	'1461500465',	1,	'2018-07-24 14:09:16'),
(466,	'Miftaqul F',	'P',	'1461500466',	1,	'2018-07-24 14:09:16'),
(467,	'Sanditya F',	'L',	'1461500467',	1,	'2018-07-24 14:09:16'),
(468,	'Brian Alviano',	'L',	'1461500468',	1,	'2018-07-24 14:09:16'),
(469,	'Dinda',	'P',	'1461500469',	1,	'2018-07-24 14:09:16'),
(470,	'Arya Candra',	'L',	'1461500470',	1,	'2018-07-24 14:09:16'),
(471,	'Dylan',	'L',	'1461500471',	1,	'2018-07-24 14:09:16'),
(472,	'Ananda Dwi',	'P',	'1461500472',	1,	'2018-07-24 14:09:16'),
(473,	'Achmad Dicky',	'L',	'1461500473',	1,	'2018-07-24 14:09:17'),
(474,	'Wahyu R',	'L',	'1461500474',	1,	'2018-07-24 14:09:17'),
(475,	'Irin',	'P',	'1461500475',	1,	'2018-07-24 14:09:17'),
(476,	'Arif Kusuma',	'L',	'1461500476',	1,	'2018-07-24 14:09:17'),
(477,	'Alfinda P',	'P',	'1461500477',	1,	'2018-07-24 14:09:17'),
(478,	'Tika D',	'P',	'1461500478',	1,	'2018-07-24 14:09:17'),
(479,	'Rivaldi Dwi',	'L',	'1461500479',	1,	'2018-07-24 14:09:17'),
(480,	'Oktavia Irsadila',	'P',	'1461500480',	1,	'2018-07-24 14:09:17'),
(481,	'Citra Ayu',	'P',	'1461500481',	1,	'2018-07-24 14:09:18'),
(482,	'Ridho',	'L',	'1461500482',	1,	'2018-07-24 14:09:18'),
(483,	'Indah M',	'P',	'1461500483',	1,	'2018-07-24 14:09:18'),
(484,	'Fahdan A',	'L',	'1461500484',	1,	'2018-07-24 14:09:18'),
(485,	'Donny Febri',	'L',	'1461500485',	1,	'2018-07-24 14:09:18'),
(486,	'Aiyah putri',	'P',	'1461500486',	1,	'2018-07-24 14:09:18'),
(487,	'Annisa Rahmawati',	'P',	'1461500487',	1,	'2018-07-24 14:09:18'),
(488,	'Adelya P',	'P',	'1461500488',	1,	'2018-07-24 14:09:19'),
(489,	'Savira S',	'P',	'1461500489',	1,	'2018-07-24 14:09:19'),
(490,	'Moch.Aminur',	'L',	'1461500490',	1,	'2018-07-24 14:09:19'),
(491,	'Fabs',	'L',	'1461500491',	1,	'2018-07-24 14:09:19'),
(492,	'Jhohan',	'L',	'1461500492',	1,	'2018-07-24 14:09:19'),
(493,	'Apriliasari W',	'P',	'1461500493',	1,	'2018-07-24 14:09:19'),
(494,	'Qurotta Ayun',	'P',	'1461500494',	1,	'2018-07-24 14:09:19'),
(495,	'Betania Nanda S',	'P',	'1461500495',	1,	'2018-07-24 14:09:19'),
(496,	'Nafrita Mutiara',	'P',	'1461500496',	1,	'2018-07-24 14:09:19'),
(497,	'Ammabellianny',	'P',	'1461500497',	1,	'2018-07-24 14:09:20'),
(498,	'Fabrella Eria',	'P',	'1461500498',	1,	'2018-07-24 14:09:20'),
(499,	'Adhella Eria T M',	'P',	'1461500499',	1,	'2018-07-24 14:09:20'),
(500,	'Hapsari Maharani',	'P',	'1461500500',	1,	'2018-07-24 14:09:20'),
(501,	'Sela Anisya S',	'P',	'1461500501',	1,	'2018-07-24 14:09:20'),
(502,	'Afitah Adiningsih',	'P',	'1461500502',	1,	'2018-07-24 14:09:20'),
(503,	'Wahyu Shinta A',	'P',	'1461500503',	1,	'2018-07-24 14:09:20'),
(504,	'Alika Tasya',	'P',	'1461500504',	1,	'2018-07-24 14:09:21'),
(505,	'M.Dzar',	'L',	'1461500505',	1,	'2018-07-24 14:09:21'),
(506,	'Ananda Achjar',	'L',	'1461500506',	1,	'2018-07-24 14:09:21'),
(507,	'Kevin Rizki F',	'L',	'1461500507',	1,	'2018-07-24 14:09:21'),
(508,	'Ezzar Tharea',	'L',	'1461500508',	1,	'2018-07-24 14:09:21'),
(509,	'Andhipramana P',	'L',	'1461500509',	1,	'2018-07-24 14:09:21'),
(510,	'Anggit Daha',	'L',	'1461500510',	1,	'2018-07-24 14:09:21'),
(511,	'Ahmad Nizar',	'L',	'1461500511',	1,	'2018-07-24 14:09:21'),
(512,	'Aldien R',	'L',	'1461500512',	1,	'2018-07-24 14:09:22'),
(513,	'Ilham',	'L',	'1461500513',	1,	'2018-07-24 14:09:22'),
(514,	'Daffa Abiyoga',	'L',	'1461500514',	1,	'2018-07-24 14:09:22'),
(515,	'M.Syahril',	'L',	'1461500515',	1,	'2018-07-24 14:09:22'),
(516,	'Yusuf Kurniawan',	'L',	'1461500516',	1,	'2018-07-24 14:09:22'),
(517,	'Etnandia Amalia',	'P',	'1461500517',	1,	'2018-07-24 14:09:22'),
(518,	'Athirah villa',	'P',	'1461500518',	1,	'2018-07-24 14:09:22'),
(519,	'Raul Julito',	'L',	'1461500519',	1,	'2018-07-24 14:09:22'),
(520,	'Canny Larung',	'P',	'1461500520',	1,	'2018-07-24 14:09:23'),
(521,	'Zaisadewa',	'P',	'1461500521',	1,	'2018-07-24 14:09:23'),
(522,	'Ryan Anshorulla',	'L',	'1461500522',	1,	'2018-07-24 14:09:23'),
(523,	'Ronan Adi',	'L',	'1461500523',	1,	'2018-07-24 14:09:23'),
(524,	'Rifki Iqbal',	'L',	'1461500524',	1,	'2018-07-24 14:09:23'),
(525,	'Ryan Adi P',	'L',	'1461500525',	1,	'2018-07-24 14:09:23'),
(526,	'Nindya Kirana',	'P',	'1461500526',	1,	'2018-07-24 14:09:23'),
(527,	'Faza Abdiansyah',	'L',	'1461500527',	1,	'2018-07-24 14:09:24'),
(528,	'Primus Setyo',	'L',	'1461500528',	1,	'2018-07-24 14:09:24'),
(529,	'Dani Soetrisno',	'L',	'1461500529',	1,	'2018-07-24 14:09:24'),
(530,	'Nadira Feri',	'P',	'1461500530',	1,	'2018-07-24 14:09:24'),
(531,	'Nur Aida',	'P',	'1461500531',	1,	'2018-07-24 14:09:24'),
(532,	'Folicia',	'P',	'1461500532',	1,	'2018-07-24 14:09:24'),
(533,	'Rosita',	'P',	'1461500533',	1,	'2018-07-24 14:09:24'),
(534,	'Septiyara',	'P',	'1461500534',	1,	'2018-07-24 14:09:25'),
(535,	'Sabaty',	'P',	'1461500535',	1,	'2018-07-24 14:09:25'),
(536,	'Anis I',	'P',	'1461500536',	1,	'2018-07-24 14:09:25'),
(537,	'Aorta',	'P',	'1461500537',	1,	'2018-07-24 14:09:25'),
(538,	'Rizky',	'L',	'1461500538',	1,	'2018-07-24 14:09:25'),
(539,	'Putri Novita',	'P',	'1461500539',	1,	'2018-07-24 14:09:25'),
(540,	'Siti F',	'P',	'1461500540',	1,	'2018-07-24 14:09:26'),
(541,	'Elok T',	'P',	'1461500541',	1,	'2018-07-24 14:09:26'),
(542,	'Alviatuz Zahro',	'P',	'1461500542',	1,	'2018-07-24 14:09:26'),
(543,	'Ken Ragil',	'P',	'1461500543',	1,	'2018-07-24 14:09:26'),
(544,	'Sandra Eka',	'P',	'1461500544',	1,	'2018-07-24 14:09:26'),
(545,	'Nadila P',	'P',	'1461500545',	1,	'2018-07-24 14:09:26'),
(546,	'Erliantika',	'P',	'1461500546',	1,	'2018-07-24 14:09:26'),
(547,	'Tiana S',	'P',	'1461500547',	1,	'2018-07-24 14:09:26'),
(548,	'Shierley',	'P',	'1461500548',	1,	'2018-07-24 14:09:27'),
(549,	'Rio Oktavani',	'L',	'1461500549',	1,	'2018-07-24 14:09:27'),
(550,	'Doni Akbar',	'L',	'1461500550',	1,	'2018-07-24 14:09:27'),
(551,	'Anastsya',	'P',	'1461500551',	1,	'2018-07-24 14:09:27'),
(552,	'Nova Firnando',	'P',	'1461500552',	1,	'2018-07-24 14:09:27'),
(553,	'Anandha S',	'P',	'1461500553',	1,	'2018-07-24 14:09:27'),
(554,	'Fardillah',	'P',	'1461500554',	1,	'2018-07-24 14:09:27'),
(555,	'Yeni Kusmayanti',	'P',	'1461500555',	1,	'2018-07-24 14:09:27'),
(556,	'Adinda S',	'P',	'1461500556',	1,	'2018-07-24 14:09:28'),
(557,	'Wildan R',	'P',	'1461500557',	1,	'2018-07-24 14:09:28'),
(558,	'Krisna D',	'L',	'1461500558',	1,	'2018-07-24 14:09:28'),
(559,	'Zakaria D',	'L',	'1461500559',	1,	'2018-07-24 14:09:28'),
(560,	'Putri Sidin',	'P',	'1461500560',	1,	'2018-07-24 14:09:28'),
(561,	'Arlinda Zahra',	'P',	'1461500561',	1,	'2018-07-24 14:09:28'),
(562,	'Dhika C',	'P',	'1461500562',	1,	'2018-07-24 14:09:28'),
(563,	'Tasya K',	'P',	'1461500563',	1,	'2018-07-24 14:09:28'),
(564,	'Batty M',	'P',	'1461500564',	1,	'2018-07-24 14:09:28'),
(565,	'Dian Putri',	'P',	'1461500565',	1,	'2018-07-24 14:09:29'),
(566,	'Immanuel M',	'P',	'1461500566',	1,	'2018-07-24 14:09:29'),
(567,	'Ersa A',	'P',	'1461500567',	1,	'2018-07-24 14:09:29'),
(568,	'Sagita E',	'P',	'1461500568',	1,	'2018-07-24 14:09:29'),
(569,	'Tiara',	'P',	'1461500569',	1,	'2018-07-24 14:09:29'),
(570,	'Nurul A',	'P',	'1461500570',	1,	'2018-07-24 14:09:29'),
(571,	'Dian',	'P',	'1461500571',	1,	'2018-07-24 14:09:29'),
(572,	'Wahyu',	'P',	'1461500572',	1,	'2018-07-24 14:09:29'),
(573,	'asdad',	'L',	'asd',	0,	'2018-07-24 14:48:25');

DROP TABLE IF EXISTS `users`;
CREATE TABLE `users` (
  `id` int(11) unsigned NOT NULL AUTO_INCREMENT,
  `ip_address` varchar(45) COLLATE utf8mb4_general_ci NOT NULL,
  `username` varchar(100) CHARACTER SET utf8mb4 COLLATE utf8mb4_general_ci NOT NULL,
  `password` varchar(255) COLLATE utf8mb4_general_ci NOT NULL,
  `email` varchar(254) COLLATE utf8mb4_general_ci NOT NULL,
  `remember_me` tinyint(1) unsigned DEFAULT NULL,
  `created_on` int(11) unsigned NOT NULL,
  `last_login` int(11) unsigned DEFAULT NULL,
  `active` tinyint(1) unsigned DEFAULT NULL,
  `first_name` varchar(50) COLLATE utf8mb4_general_ci DEFAULT NULL,
  `last_name` varchar(50) COLLATE utf8mb4_general_ci DEFAULT NULL,
  PRIMARY KEY (`id`)
) ENGINE=InnoDB DEFAULT CHARSET=utf8mb4 COLLATE=utf8mb4_general_ci ROW_FORMAT=COMPACT;

TRUNCATE `users`;
INSERT INTO `users` (`id`, `ip_address`, `username`, `password`, `email`, `remember_me`, `created_on`, `last_login`, `active`, `first_name`, `last_name`) VALUES
(6,	'127.0.0.1',	'administrator',	'$2y$10$XS/1VPQ0YUTYa9K9khk3.etlY1xChnSnSrCfT2kcQ5F8pUIGVQG.a',	'admin@admin.com',	NULL,	1529592538,	1529593179,	1,	'admin',	'istrator'),
(7,	'127.0.0.1',	'postman',	'$2y$10$PPEdmuMOGV4IPKt3Kvg3leW0vpvvD0iFZuQvNwNleS57vkCVyA1Fq',	'postman@postman.com',	NULL,	1529592583,	1532403884,	1,	'post',	'man');

-- 2018-07-26 12:58:27
